,step,seed,eval_episodes,mean_eval_step_reward,mean_eval_reward,instance
0,10048,3,"[0.00951852 0.04982353 0.01183333 0.00141667 0.04982353 0.
 0.05766667 0.         0.241      0.01273913]","[0.00986481 0.03133529 0.01109792 0.00554896 0.03133529 0.005327
 0.03551333 0.005327   0.133175   0.01158043]",0.5327,None
1,20096,3,"[0.01425581 0.06242857 0.00687302 0.02803704 0.041      0.
 0.00570588 0.02433333 0.32433333 0.02225   ]","[0.01465116 0.045      0.01       0.02333333 0.0315     0.0063
 0.00926471 0.021      0.21       0.0196875 ]",0.63,None
2,30144,3,"[0.         0.15766667 0.         0.         0.06242857 0.191
 0.01664103 0.         0.         0.00592537]","[0.003821   0.06368333 0.003821   0.003821   0.02729286 0.07642
 0.00979744 0.003821   0.003821   0.00570299]",0.38209999999999994,None
3,40192,3,"[0.         0.191      0.00951852 0.00334568 0.02946154 0.001
 0.00334568 0.01425581 0.         0.0535    ]","[0.004346   0.08692    0.00804815 0.00536543 0.01671538 0.004346
 0.00536543 0.01010698 0.004346   0.0271625 ]",0.4346,None
4,50240,3,"[0.00198901 0.00508451 0.03861905 0.00130928 0.         0.02225
 0.02325806 0.         0.         0.05766667]","[0.00415165 0.00532113 0.01799048 0.00389485 0.003778   0.01180625
 0.0121871  0.003778   0.003778   0.02518667]",0.37779999999999997,None
5,60288,3,"[0.00186957 0.02130303 0.00824138 0.         0.00824138 0.15766667
 0.03447826 0.         0.         0.00319512]","[0.00416522 0.01161212 0.0066069  0.003832   0.0066069  0.06386667
 0.01666087 0.003832   0.003832   0.00467317]",0.38319999999999993,None
6,70336,3,"[0.02325806 0.32433333 0.00549275 0.03861905 0.         0.01877778
 0.00687302 0.03266667 0.03447826 0.        ]","[0.01796774 0.18566667 0.00807246 0.02652381 0.00557    0.01547222
 0.00884127 0.02320833 0.02421739 0.00557   ]",0.557,None
7,80384,3,"[0.02946154 0.02803704 0.00130928 0.02130303 0.07433333 0.06792308
 0.         0.03645455 0.0535     0.13385714]","[0.02585769 0.0249     0.00693093 0.02037273 0.056025   0.05171538
 0.006723   0.03055909 0.04201875 0.09604286]",0.6723,None
8,90432,3,"[0.0122766  0.06792308 0.00276471 0.         0.04982353 0.10211111
 0.02946154 0.01183333 0.0535     0.        ]","[0.0120234  0.04346923 0.00664824 0.005651   0.03324118 0.06278889
 0.02173462 0.01177292 0.03531875 0.005651  ]",0.5650999999999999,None
