,step,seed,eval_episodes,mean_eval_step_reward,mean_eval_reward,instance
0,10048,4,"[0.02433333 0.02803704 0.         0.00175269 0.         0.02433333
 0.         0.01322222 0.10211111 0.991     ]","[0.01628333 0.01809259 0.004885   0.00525269 0.004885   0.01628333
 0.004885   0.01085556 0.05427778 0.4885    ]",0.4885,None
1,20096,4,"[0.01273913 0.05766667 0.02041176 0.02548276 0.01802703 0.491
 0.02671429 0.03645455 0.00986792 0.02433333]","[0.01594783 0.04890667 0.02157647 0.02529655 0.01982703 0.3668
 0.0262     0.03334545 0.01384151 0.02445333]",0.7336,None
2,30144,4,"[0.491      0.         0.00223596 0.01664103 0.191      0.01060784
 0.04363158 0.491      0.05766667 0.491     ]","[0.3492     0.006984   0.00784719 0.01790769 0.13968    0.01369412
 0.03675789 0.3492     0.04656    0.3492    ]",0.6984000000000001,None
3,40192,4,"[0.241      0.         0.         0.00854386 0.02946154 0.01480952
 0.03645455 0.02041176 0.         0.991     ]","[0.13315    0.005326   0.005326   0.00934386 0.02048462 0.01268095
 0.02420909 0.01566471 0.005326   0.5326    ]",0.5326,None
4,50240,4,"[0.         0.01372727 0.01273913 0.01957143 0.15766667 0.
 0.08190909 0.         0.         0.        ]","[0.003722   0.00845909 0.0080913  0.01063429 0.06203333 0.003722
 0.03383636 0.003722   0.003722   0.003722  ]",0.3722,None
5,60288,4,"[0.         0.         0.04982353 0.03447826 0.06792308 0.05766667
 0.02946154 0.05766667 0.         0.991     ]","[0.00601    0.00601    0.03535294 0.02613043 0.04623077 0.04006667
 0.02311538 0.04006667 0.00601    0.601     ]",0.601,None
6,70336,4,"[0.00528571 0.         0.031      0.041      0.241      0.00712903
 0.         0.00186957 0.01802703 0.991     ]","[0.00743    0.005201   0.020804   0.026005   0.130025   0.00838871
 0.005201   0.00565326 0.01405676 0.5201    ]",0.5201,None
7,80384,4,"[0.091      0.016      0.016      0.         0.08190909 0.00824138
 0.01664103 0.031      0.00951852 0.991     ]","[0.06498    0.016245   0.016245   0.006498   0.05907273 0.01120345
 0.01666154 0.025992   0.01203333 0.6498    ]",0.6497999999999999,None
8,90432,4,"[0.32433333 0.00794915 0.         0.02325806 0.03447826 0.00824138
 0.         0.01425581 0.         0.991     ]","[0.16793333 0.00853898 0.005038   0.01625161 0.02190435 0.00868621
 0.005038   0.01171628 0.005038   0.5038    ]",0.5037999999999999,None
