,step,seed,eval_episodes,mean_eval_step_reward,mean_eval_reward,instance
0,10048,0,"[0.         0.         0.00766667 0.016      0.08190909 0.
 0.         0.01023077 0.02946154 0.15766667]","[0.004245   0.004245   0.007075   0.0106125  0.03859091 0.004245
 0.004245   0.00816346 0.01632692 0.07075   ]",0.4245,None
1,20096,0,"[0.00488889 0.00739344 0.0535     0.01183333 0.07433333 0.
 0.01664103 0.00638462 0.02548276 0.016     ]","[0.007725   0.00911803 0.0347625  0.0115875  0.04635    0.005562
 0.01426154 0.00855692 0.01917931 0.013905  ]",0.5561999999999999,None
2,30144,0,"[0.06242857 0.         0.         0.01183333 0.491      0.01273913
 0.02325806 0.         0.         0.00794915]","[0.03       0.0042     0.0042     0.00875    0.21       0.00913043
 0.01354839 0.0042     0.0042     0.00711864]",0.42000000000000004,None
3,40192,0,"[0.0535     0.00712903 0.32433333 0.02041176 0.02671429 0.01372727
 0.01731579 0.         0.06242857 0.041     ]","[0.04168125 0.01075645 0.2223     0.01961471 0.02381786 0.01515682
 0.01755    0.006669   0.04763571 0.033345  ]",0.6668999999999999,None
4,50240,0,"[0.13385714 0.00570588 0.02225    0.03266667 0.02130303 0.00951852
 0.02548276 0.00334568 0.02041176 0.01664103]","[0.0913     0.00939853 0.01997188 0.02662917 0.01936667 0.01183519
 0.02203793 0.00789012 0.01879706 0.01638718]",0.6391,None
5,60288,0,"[0.02130303 0.15766667 0.         0.01372727 0.07433333 0.03266667
 0.01664103 0.491      0.         0.116     ]","[0.01966061 0.10813333 0.006488   0.01474545 0.05406667 0.02703333
 0.0166359  0.3244     0.006488   0.0811    ]",0.6488,None
6,70336,0,"[0.01877778 0.06242857 0.32433333 0.006625   0.         0.00141667
 0.01322222 0.32433333 0.01877778 0.04982353]","[0.01715    0.0441     0.2058     0.00964687 0.006174   0.00643125
 0.01372    0.2058     0.01715    0.03631765]",0.6174,None
7,80384,0,"[0.         0.00304819 0.02130303 0.00110101 0.02130303 0.00986792
 0.00415789 0.00249425 0.02548276 0.        ]","[0.003563   0.00429277 0.01079697 0.00359899 0.01079697 0.00672264
 0.00468816 0.0040954  0.01228621 0.003563  ]",0.35629999999999995,None
8,90432,0,"[0.         0.041      0.191      0.01060784 0.241      0.00110101
 0.13385714 0.491      0.00951852 0.13385714]","[0.006759   0.033795   0.13518    0.01325294 0.168975   0.00682727
 0.09655714 0.33795    0.01251667 0.09655714]",0.6759000000000001,None
