,step,seed,eval_episodes,mean_eval_step_reward,mean_eval_reward,instance
0,10048,3,"[0.        0.0014382 0.        0.        0.        0.        0.
 0.        0.        0.       ]","[1.43512954e-04 1.43820262e-04 9.59486607e-04 9.65000898e-05
 5.24719238e-05 3.77326194e-04 5.24719238e-05 5.24719238e-05
 1.13452808e-04 5.24719238e-05]",0.0671640625,None
1,20096,3,"[0.         0.         0.         0.         0.         0.
 0.00070334 0.         0.         0.        ]","[3.90686035e-05 3.90686035e-05 3.90686035e-05 1.63424224e-04
 3.90686035e-05 6.33010285e-05 7.03344761e-05 3.90686035e-05
 1.05501714e-04 3.90686035e-05]",0.050007812500000005,None
2,30144,3,"[0.00020267 0.         0.         0.         0.         0.
 0.         0.         0.         0.        ]","[2.02672101e-05 1.74804687e-05 1.74804687e-05 1.74804687e-05
 4.67118998e-05 1.74804687e-05 6.80091185e-05 1.74804687e-05
 8.63899614e-05 1.17763158e-03]",0.02237499999999999,None
3,40192,3,[0. 0. 0. 0. 0. 0. 0. 0. 0. 0.],[0. 0. 0. 0. 0. 0. 0. 0. 0. 0.],0.0,None
4,50240,3,[0. 0. 0. 0. 0. 0. 0. 0. 0. 0.],[0. 0. 0. 0. 0. 0. 0. 0. 0. 0.],0.0,None
5,60288,3,[0. 0. 0. 0. 0. 0. 0. 0. 0. 0.],[0. 0. 0. 0. 0. 0. 0. 0. 0. 0.],0.0,None
6,70336,3,[0. 0. 0. 0. 0. 0. 0. 0. 0. 0.],[0. 0. 0. 0. 0. 0. 0. 0. 0. 0.],0.0,None
7,80384,3,[0. 0. 0. 0. 0. 0. 0. 0. 0. 0.],[0. 0. 0. 0. 0. 0. 0. 0. 0. 0.],0.0,None
8,90432,3,[0. 0. 0. 0. 0. 0. 0. 0. 0. 0.],[0. 0. 0. 0. 0. 0. 0. 0. 0. 0.],0.0,None
