,step,seed,eval_episodes,mean_eval_step_reward,mean_eval_reward,instance
0,10048,0,"[0.         0.01539024 0.         0.         0.         0.
 0.         0.         0.00488889 0.01957143]","[0.002085   0.00406829 0.00327059 0.00476571 0.02382857 0.0556
 0.00617778 0.00758182 0.00231667 0.00476571]",0.1668,None
1,20096,0,"[0.         0.         0.         0.         0.         0.
 0.         0.15766667 0.         0.        ]","[0.0946     0.0946     0.00108736 0.0946     0.01351429 0.011825
 0.0473     0.01576667 0.011825   0.0059125 ]",0.09459999999999999,None
2,30144,0,[0. 0. 0. 0. 0. 0. 0. 0. 0. 0.],[0. 0. 0. 0. 0. 0. 0. 0. 0. 0.],0.0,None
3,40192,0,"[0.         0.         0.01957143 0.         0.         0.
 0.         0.         0.         0.        ]","[0.0685     0.0685     0.00195714 0.0685     0.0685     0.0685
 0.0685     0.00145745 0.0685     0.0017125 ]",0.0685,None
4,50240,0,[0. 0. 0. 0. 0. 0. 0. 0. 0. 0.],[0. 0. 0. 0. 0. 0. 0. 0. 0. 0.],0.0,None
5,60288,0,[0. 0. 0. 0. 0. 0. 0. 0. 0. 0.],[0. 0. 0. 0. 0. 0. 0. 0. 0. 0.],0.0,None
6,70336,0,"[0.02803704 0.         0.         0.         0.         0.
 0.         0.         0.         0.        ]","[0.0028037  0.00344091 0.03785    0.03785    0.00688182 0.0757
 0.0032913  0.0757     0.00244194 0.00420556]",0.0757,None
7,80384,0,"[0.         0.         0.         0.         0.         0.
 0.         0.         0.00130928 0.        ]","[0.00635    0.0127     0.00635    0.00635    0.00423333 0.00635
 0.0127     0.000127   0.00013093 0.00028864]",0.0127,None
8,90432,0,"[0.      0.      0.      0.      0.      0.02225 0.      0.      0.
 0.     ]","[0.00547692 0.0712     0.000712   0.000712   0.00093684 0.002225
 0.00791111 0.0712     0.0712     0.0712    ]",0.0712,None
