,step,seed,eval_episodes,mean_eval_step_reward,mean_eval_reward,instance
0,10048,4,"[0.03861905 0.         0.         0.         0.         0.
 0.         0.         0.         0.        ]","[0.0038619  0.00737273 0.00901111 0.0101375  0.04055    0.0811
 0.0811     0.000811   0.00135167 0.0811    ]",0.08109999999999999,None
1,20096,4,"[0.         0.01372727 0.         0.         0.         0.
 0.         0.         0.         0.        ]","[0.0604     0.00137273 0.0604     0.00317895 0.0018875  0.000604
 0.00140465 0.000604   0.0006101  0.000604  ]",0.060399999999999995,None
2,30144,4,"[0.         0.         0.         0.00986792 0.         0.
 0.         0.         0.         0.01372727]","[0.03756667 0.00536667 0.01878333 0.00212642 0.00142658 0.00245
 0.1127     0.001127   0.01024545 0.00256136]",0.11269999999999998,None
3,40192,4,"[0.         0.         0.         0.         0.00885714 0.
 0.         0.         0.         0.02041176]","[0.119      0.119      0.01081818 0.00313158 0.002125   0.00321622
 0.119      0.00119    0.02975    0.0035    ]",0.119,None
4,50240,4,"[0.091      0.01664103 0.         0.03447826 0.05766667 0.
 0.02433333 0.         0.         0.01802703]","[0.04614    0.01183077 0.02197143 0.02006087 0.03076    0.01774615
 0.01538    0.0288375  0.01398182 0.01247027]",0.4614,None
5,60288,4,"[0.02803704 0.00262791 0.         0.00508451 0.02130303 0.
 0.         0.         0.         0.00766667]","[0.00928519 0.00291512 0.01392778 0.00353099 0.00759697 0.00305732
 0.12535    0.010028   0.01474706 0.00417833]",0.2507,None
6,70336,4,"[0.         0.         0.         0.00687302 0.         0.
 0.06242857 0.         0.         0.041     ]","[0.002127   0.002127   0.00256265 0.00337619 0.002127   0.00545385
 0.01519286 0.00303857 0.002127   0.010635  ]",0.21269999999999997,None
7,80384,4,"[0.         0.         0.         0.         0.         0.
 0.01539024 0.         0.         0.        ]","[0.0631     0.000631   0.00180286 0.000631   0.000631   0.00071705
 0.00153902 0.000631   0.000631   0.000631  ]",0.0631,None
8,90432,4,"[0.         0.         0.         0.02803704 0.         0.
 0.         0.         0.         0.00488889]","[0.005545   0.001109   0.001109   0.00410741 0.004436   0.001109
 0.001109   0.00252045 0.0011433  0.00154028]",0.1109,None
