,step,seed,eval_episodes,mean_eval_step_reward,mean_eval_reward,instance
0,10048,1,"[0.         0.         0.         0.         0.         0.
 0.04363158 0.04655556 0.         0.00223596]","[0.001866   0.001866   0.001866   0.001866   0.001866   0.001866
 0.00982105 0.01036667 0.001866   0.00209663]",0.18659999999999996,None
1,20096,1,"[0.02433333 0.05766667 0.06792308 0.241      0.011      0.
 0.08190909 0.00451351 0.04982353 0.00638462]","[0.02163    0.04326    0.04991538 0.162225   0.012978   0.006489
 0.05899091 0.00876892 0.03817059 0.00998308]",0.6489,None
2,30144,1,"[0.00469863 0.00290476 0.         0.02433333 0.01480952 0.
 0.041      0.01802703 0.016      0.00794915]","[0.00621233 0.00539881 0.004535   0.01511667 0.01079762 0.004535
 0.022675   0.01225676 0.0113375  0.00768644]",0.4535,None
3,40192,1,"[0.         0.00211111 0.01060784 0.191      0.04982353 0.01539024
 0.00951852 0.00365823 0.         0.06792308]","[0.00485    0.00538889 0.0095098  0.097      0.02852941 0.01182927
 0.00898148 0.00613924 0.00485    0.03730769]",0.485,None
4,50240,1,"[0.         0.10211111 0.15766667 0.         0.04655556 0.
 0.491      0.01957143 0.00918182 0.00592537]","[0.005272   0.05857778 0.08786667 0.005272   0.02928889 0.005272
 0.2636     0.01506286 0.00958545 0.00786866]",0.5272,None
5,60288,1,"[0.01539024 0.15766667 0.04655556 0.241      0.03645455 0.02325806
 0.05766667 0.13385714 0.091      0.02433333]","[0.02035122 0.13906667 0.04635556 0.2086     0.03792727 0.02691613
 0.05562667 0.1192     0.08344    0.02781333]",0.8344000000000001,None
6,70336,1,"[0.01273913 0.         0.01802703 0.491      0.03645455 0.06792308
 0.01480952 0.         0.32433333 0.        ]","[0.01198913 0.005515   0.01490541 0.27575    0.02506818 0.04242308
 0.01313095 0.005515   0.18383333 0.005515  ]",0.5515,None
7,80384,1,"[0.00488889 0.0535     0.         0.491      0.06242857 0.
 0.02325806 0.116      0.02946154 0.0122766 ]","[0.00841111 0.03785    0.006056   0.3028     0.04325714 0.006056
 0.01953548 0.0757     0.02329231 0.01288511]",0.6056,None
8,90432,1,"[0.         0.01731579 0.006625   0.241      0.041      0.041
 0.07433333 0.15766667 0.03861905 0.01183333]","[0.006903   0.01816579 0.01078594 0.172575   0.034515   0.034515
 0.057525   0.11505    0.03287143 0.01438125]",0.6902999999999999,None
