,step,seed,eval_episodes,mean_eval_step_reward,mean_eval_reward,instance
0,10048,2,"[0.         0.         0.0535     0.01372727 0.         0.01023077
 0.32433333 0.00570588 0.00918182 0.        ]","[0.003858   0.003858   0.0241125  0.00876818 0.003858   0.00741923
 0.1286     0.00567353 0.00701455 0.003858  ]",0.3858,None
1,20096,2,"[0.041      0.03861905 0.         0.01372727 0.091      0.04655556
 0.10211111 0.01425581 0.00824138 0.02548276]","[0.03366    0.03205714 0.006732   0.0153     0.06732    0.0374
 0.0748     0.01565581 0.0116069  0.02321379]",0.6732,None
2,30144,2,"[0.00712903 0.02433333 0.07433333 0.01802703 0.00570588 0.04982353
 0.15766667 0.01877778 0.01372727 0.01664103]","[0.01103387 0.02280333 0.05700833 0.01848919 0.01006029 0.04024118
 0.11401667 0.01900278 0.01554773 0.01754103]",0.6840999999999999,None
3,40192,2,"[0.         0.00615152 0.         0.00130928 0.         0.01877778
 0.         0.         0.016      0.00304819]","[0.002102   0.00318485 0.002102   0.00216701 0.002102   0.00583889
 0.002102   0.002102   0.005255   0.00253253]",0.2102,None
4,50240,2,"[0.02803704 0.         0.00508451 0.01539024 0.02130303 0.091
 0.01664103 0.01273913 0.06792308 0.04982353]","[0.02343333 0.006327   0.00891127 0.01543171 0.01917273 0.06327
 0.01622308 0.01375435 0.04866923 0.03721765]",0.6327,None
5,60288,2,"[0.241      0.01372727 0.32433333 0.03447826 0.0035     0.06242857
 0.01539024 0.02548276 0.00382051 0.00152632]","[0.157525   0.01432045 0.21003333 0.02739565 0.00787625 0.04500714
 0.01536829 0.02172759 0.00807821 0.00663263]",0.6301,None
6,70336,2,"[0.016      0.00854386 0.01425581 0.01060784 0.01060784 0.00433333
 0.01183333 0.00824138 0.01664103 0.        ]","[0.012105   0.00849474 0.01126047 0.00949412 0.00949412 0.006456
 0.0100875  0.00834828 0.01241538 0.004842  ]",0.48419999999999996,None
7,80384,2,"[0.01731579 0.01664103 0.         0.         0.05766667 0.00276471
 0.15766667 0.00739344 0.00365823 0.32433333]","[0.01333158 0.01298974 0.005066   0.005066   0.03377333 0.00596
 0.08443333 0.00830492 0.00641266 0.16886667]",0.5065999999999999,None
8,90432,2,"[0.32433333 0.01731579 0.491      0.01664103 0.00120408 0.01023077
 0.00918182 0.491      0.08190909 0.116     ]","[0.24093333 0.01902105 0.3614     0.01853333 0.00737551 0.0139
 0.01314182 0.3614     0.06570909 0.09035   ]",0.7227999999999999,None
