,step,seed,eval_episodes,mean_eval_step_reward,mean_eval_reward,instance
0,10048,0,"[0.0035     0.15766667 0.00766667 0.016      0.08190909 0.
 0.00433333 0.491      0.001      0.01425581]","[0.00655875 0.08745    0.008745   0.0131175  0.0477     0.005247
 0.006996   0.26235    0.005247   0.01220233]",0.5246999999999999,None
1,20096,0,"[0.         0.         0.         0.01183333 0.04982353 0.00488889
 0.031      0.08190909 0.         0.00365823]","[0.003732   0.003732   0.003732   0.007775   0.02195294 0.00518333
 0.014928   0.03392727 0.003732   0.00472405]",0.37320000000000003,None
2,30144,0,"[0.01140816 0.         0.02671429 0.         0.491      0.00951852
 0.02325806 0.00276471 0.00549275 0.00687302]","[0.00932857 0.004571   0.016325   0.004571   0.22855    0.00846481
 0.01474516 0.00537765 0.00662464 0.00725556]",0.45709999999999995,None
3,40192,0,"[0.0535     0.         0.32433333 0.016      0.02671429 0.01372727
 0.011      0.         0.116      0.041     ]","[0.03824375 0.006119   0.20396667 0.0152975  0.02185357 0.01390682
 0.012238   0.006119   0.0764875  0.030595  ]",0.6119,None
4,50240,0,"[0.02803704 0.06792308 0.02225    0.01372727 0.011      0.011
 0.02433333 0.00854386 0.02041176 0.10211111]","[0.0255037  0.05296923 0.02151875 0.01565    0.013772   0.013772
 0.02295333 0.0120807  0.02025294 0.07651111]",0.6885999999999999,None
5,60288,0,"[0.03266667 0.01539024 0.00615152 0.06242857 0.04655556 0.01480952
 0.0535     0.00854386 0.03447826 0.00211111]","[0.02700417 0.01580732 0.0098197  0.04629286 0.03600556 0.01543095
 0.04050625 0.01137018 0.02817826 0.00720111]",0.6481,None
6,70336,0,"[0.00794915 0.00528571 0.00249425 0.         0.04363158 0.03861905
 0.00236364 0.07433333 0.02548276 0.        ]","[0.00768644 0.00647857 0.00521264 0.004535   0.02386842 0.02159524
 0.00515341 0.03779167 0.01563793 0.004535  ]",0.4535,None
7,80384,0,"[0.00186957 0.00885714 0.15766667 0.         0.07433333 0.02433333
 0.00334568 0.01664103 0.06792308 0.02041176]","[0.00623152 0.0102375  0.09555    0.005733   0.047775   0.01911
 0.00707778 0.0147     0.0441     0.01686176]",0.5732999999999999,None
8,90432,0,"[0.01877778 0.0535     0.04655556 0.00211111 0.00469863 0.00488889
 0.         0.191      0.         0.191     ]","[0.01434722 0.03228125 0.02869444 0.00573889 0.00707534 0.00717361
 0.005165   0.1033     0.005165   0.1033    ]",0.5165,None
