,step,seed,eval_episodes,mean_eval_step_reward,mean_eval_reward,instance
0,10048,4,"[0.02433333 0.02803704 0.01372727 0.241      0.         0.
 0.         0.         0.10211111 0.991     ]","[0.01655    0.01838889 0.01128409 0.124125   0.004965   0.004965
 0.004965   0.004965   0.05516667 0.4965    ]",0.4965,None
1,20096,4,"[0.         0.05766667 0.00304819 0.         0.15766667 0.491
 0.02671429 0.00365823 0.016      0.00415789]","[0.005039   0.03359333 0.00607108 0.005039   0.08398333 0.25195
 0.01799643 0.00637848 0.0125975  0.00663026]",0.5039,None
2,30144,4,"[0.04982353 0.         0.02130303 0.04982353 0.191      0.32433333
 0.0122766  0.00918182 0.         0.05766667]","[0.03689412 0.006272   0.01900606 0.03689412 0.12544    0.20906667
 0.01334468 0.01140364 0.006272   0.04181333]",0.6272,None
3,40192,4,"[0.         0.         0.02225    0.01060784 0.241      0.00451351
 0.         0.00766667 0.         0.491     ]","[0.003993   0.003993   0.01247813 0.00782941 0.099825   0.00539595
 0.003993   0.006655   0.003993   0.19965   ]",0.39930000000000004,None
4,50240,4,"[0.10211111 0.00365823 0.03861905 0.03447826 0.10211111 0.00592537
 0.02946154 0.         0.00488889 0.991     ]","[0.0693     0.00789494 0.0297     0.02711739 0.0693     0.00930896
 0.02398846 0.006237   0.0086625  0.6237    ]",0.6237,None
5,60288,4,"[0.191      0.06242857 0.00638462 0.491      0.02548276 0.
 0.00398701 0.04655556 0.15766667 0.991     ]","[0.14094    0.05033571 0.01084154 0.35235    0.0243     0.007047
 0.00915195 0.03915    0.11745    0.7047    ]",0.7046999999999999,None
6,70336,4,"[0.15766667 0.04655556 0.011      0.01023077 0.03447826 0.0535
 0.         0.01664103 0.04982353 0.991     ]","[0.1167     0.0389     0.014004   0.01346538 0.03044348 0.0437625
 0.007002   0.01795385 0.04118824 0.7002    ]",0.7001999999999999,None
7,80384,4,"[0.32433333 0.02548276 0.         0.491      0.06242857 0.491
 0.03447826 0.00951852 0.         0.991     ]","[0.22826667 0.02361379 0.006848   0.3424     0.04891429 0.3424
 0.02977391 0.01268148 0.006848   0.6848    ]",0.6847999999999999,None
8,90432,4,"[0.         0.00508451 0.         0.32433333 0.07433333 0.0535
 0.         0.13385714 0.         0.991     ]","[0.00501    0.00705634 0.00501    0.167      0.04175    0.0313125
 0.00501    0.07157143 0.00501    0.501     ]",0.501,None
