,step,seed,eval_episodes,mean_eval_step_reward,mean_eval_reward,instance
0,10048,3,"[0.00951852 0.04982353 0.         0.01060784 0.04982353 0.
 0.05766667 0.         0.241      0.01273913]","[0.00956296 0.03037647 0.005164   0.01012549 0.03037647 0.005164
 0.03442667 0.005164   0.1291     0.01122609]",0.5164,None
1,20096,3,"[0.01425581 0.06242857 0.01322222 0.04655556 0.041      0.02671429
 0.00794915 0.02433333 0.32433333 0.02225   ]","[0.01714419 0.05265714 0.01638222 0.04095556 0.03686    0.02632857
 0.01249492 0.02457333 0.24573333 0.0230375 ]",0.7371999999999999,None
2,30144,3,"[0.02130303 0.00152632 0.00110101 0.016      0.         0.
 0.031      0.         0.         0.04982353]","[0.00975455 0.00338842 0.00325152 0.0080475  0.003219   0.003219
 0.012876   0.003219   0.003219   0.01893529]",0.32189999999999996,None
3,40192,3,"[0.         0.00570588 0.         0.         0.00508451 0.00951852
 0.491      0.02946154 0.         0.02130303]","[0.003714   0.00546176 0.003714   0.003714   0.00523099 0.00687778
 0.1857     0.01428462 0.003714   0.01125455]",0.3714,None
4,50240,3,"[0.01322222 0.00508451 0.00398701 0.00451351 0.32433333 0.00469863
 0.011      0.         0.006625   0.02433333]","[0.01026    0.00650282 0.0059961  0.00623919 0.1539     0.00632466
 0.009234   0.004617   0.00721406 0.01539   ]",0.4617,None
5,60288,3,"[0.03266667 0.00198901 0.00152632 0.01425581 0.00712903 0.116
 0.         0.00152632 0.         0.        ]","[0.01349167 0.00355824 0.00340842 0.00753023 0.00522258 0.040475
 0.003238   0.00340842 0.003238   0.003238  ]",0.3238,None
6,70336,3,"[0.01877778 0.491      0.041      0.00712903 0.00488889 0.06792308
 0.0035     0.01023077 0.006625   0.01183333]","[0.01655278 0.29795    0.029795   0.00961129 0.00827639 0.04583846
 0.00744875 0.01145962 0.00931094 0.01241458]",0.5959,None
7,80384,3,"[0.00687302 0.04655556 0.06242857 0.         0.00615152 0.02803704
 0.06242857 0.02433333 0.07433333 0.191     ]","[0.01072857 0.03755    0.04827857 0.006759   0.01024091 0.02503333
 0.04827857 0.02253    0.056325   0.13518   ]",0.6759000000000001,None
8,90432,3,"[0.01372727 0.241      0.         0.00986792 0.01273913 0.
 0.         0.02671429 0.191      0.02130303]","[0.01155227 0.127075   0.005083   0.00959057 0.01105    0.005083
 0.005083   0.01815357 0.10166    0.01540303]",0.5083,None
