,step,seed,eval_episodes,mean_eval_step_reward,mean_eval_reward,instance
0,10048,3,"[0.         0.         0.00528571 0.         0.         0.
 0.         0.         0.         0.        ]","[0.01233333 0.00616667 0.00052857 0.00217647 0.037      0.00168182
 0.0004625  0.00616667 0.00037    0.00925   ]",0.037,None
1,20096,3,"[0.         0.04363158 0.         0.         0.         0.00687302
 0.         0.         0.         0.        ]","[0.02103333 0.00664211 0.0631     0.01262    0.04206667 0.00200317
 0.1262     0.00467407 0.001262   0.0631    ]",0.1262,None
2,30144,3,"[0.         0.         0.         0.         0.         0.
 0.         0.00415789 0.04982353 0.        ]","[0.1163     0.00646111 0.1163     0.001163   0.00298205 0.001163
 0.00830714 0.00153026 0.00684118 0.01163   ]",0.11629999999999999,None
3,40192,3,"[0.         0.         0.         0.         0.         0.
 0.         0.         0.08190909 0.        ]","[0.0901     0.0901     0.04505    0.04505    0.0901     0.0901
 0.0901     0.04505    0.00819091 0.0901    ]",0.0901,None
4,50240,3,"[0.         0.         0.04363158 0.         0.         0.00951852
 0.         0.041      0.         0.        ]","[0.002163   0.10815    0.01138421 0.0026378  0.002163   0.00400556
 0.004326   0.010815   0.00240333 0.2163    ]",0.21630000000000002,None
5,60288,3,"[0.         0.         0.         0.         0.         0.
 0.         0.01802703 0.         0.        ]","[0.03335    0.00555833 0.02223333 0.00606364 0.03335    0.000667
 0.002668   0.0018027  0.00117018 0.00102615]",0.06670000000000001,None
6,70336,3,"[0.00276471 0.         0.         0.         0.         0.
 0.         0.00433333 0.         0.        ]","[0.00065882 0.0016     0.004      0.00090323 0.00098246 0.056
 0.028      0.00074667 0.00175    0.028     ]",0.055999999999999994,None
7,80384,3,"[0.006625   0.00615152 0.         0.         0.         0.01877778
 0.         0.         0.         0.        ]","[0.00235312 0.00228182 0.00327391 0.01255    0.1506     0.00418333
 0.00386154 0.0753     0.001506   0.001506  ]",0.15059999999999998,None
8,90432,3,"[0.         0.02946154 0.         0.         0.00276471 0.
 0.         0.         0.         0.        ]","[0.00196275 0.00385    0.0025025  0.00137123 0.00117765 0.00208542
 0.00286    0.1001     0.001001   0.00217609]",0.1001,None
