,step,seed,eval_episodes,mean_eval_step_reward,mean_eval_reward,instance
0,10048,2,"[0.01480952 0.03266667 0.         0.         0.006625   0.01023077
 0.32433333 0.00615152 0.03447826 0.03447826]","[0.01268333 0.02219583 0.005327   0.005327   0.00832344 0.01024423
 0.17756667 0.00807121 0.02316087 0.02316087]",0.5327,None
1,20096,2,"[0.191      0.02041176 0.241      0.0535     0.08190909 0.
 0.01060784 0.01425581 0.001      0.10211111]","[0.13086    0.01924412 0.163575   0.04089375 0.05948182 0.006543
 0.01282941 0.01521628 0.006543   0.0727    ]",0.6542999999999999,None
2,30144,2,"[0.         0.04982353 0.         0.00918182 0.         0.00508451
 0.00570588 0.00638462 0.01877778 0.01539024]","[0.003823   0.02248824 0.003823   0.00695091 0.003823   0.00538451
 0.00562206 0.00588154 0.01061944 0.00932439]",0.3823,None
3,40192,2,"[0.02946154 0.006625   0.00120408 0.05766667 0.13385714 0.
 0.00570588 0.00824138 0.         0.03266667]","[0.01830769 0.0074375  0.00485714 0.03173333 0.068      0.00476
 0.007      0.0082069  0.00476    0.01983333]",0.476,None
4,50240,2,"[0.32433333 0.191      0.191      0.01372727 0.01877778 0.016
 0.13385714 0.00276471 0.02433333 0.00415789]","[0.23403333 0.14042    0.14042    0.01595682 0.01950278 0.0175525
 0.1003     0.00826    0.02340333 0.00923816]",0.7021,None
5,60288,2,"[0.01140816 0.00304819 0.07433333 0.011      0.00615152 0.04982353
 0.02671429 0.         0.02130303 0.06792308]","[0.01192041 0.00703735 0.048675   0.011682   0.00885    0.03435882
 0.02086071 0.005841   0.0177     0.04493077]",0.5841000000000001,None
6,70336,2,"[0.03447826 0.04363158 0.00638462 0.05766667 0.00319512 0.04655556
 0.         0.00198901 0.06792308 0.491     ]","[0.02629565 0.03183158 0.00930462 0.04032    0.00737561 0.0336
 0.006048   0.00664615 0.04652308 0.3024    ]",0.6048,None
7,80384,2,"[0.02041176 0.01322222 0.15766667 0.031      0.         0.
 0.03266667 0.01877778 0.         0.041     ]","[0.01555882 0.01175556 0.08816667 0.02116    0.00529    0.00529
 0.02204167 0.01469444 0.00529    0.02645   ]",0.529,None
8,90432,2,"[0.         0.01140816 0.         0.00739344 0.01480952 0.00687302
 0.         0.491      0.         0.04982353]","[0.003894   0.00794694 0.003894   0.00638361 0.00927143 0.00618095
 0.003894   0.1947     0.003894   0.02290588]",0.38939999999999997,None
