,step,seed,eval_episodes,mean_eval_step_reward,mean_eval_reward,instance
0,10048,3,[0. 0. 0. 0. 0. 0. 0. 0. 0. 0.],[0. 0. 0. 0. 0. 0. 0. 0. 0. 0.],0.0,None
1,20096,3,"[0.         0.         0.         0.         0.         0.
 0.         0.         0.00854386 0.        ]","[0.00811667 0.00053516 0.02435    0.00487    0.01623333 0.0487
 0.0487     0.00974    0.00085439 0.02435   ]",0.0487,None
2,30144,3,"[0.         0.         0.         0.         0.         0.
 0.         0.         0.01480952 0.        ]","[0.00259167 0.0622     0.00327368 0.0622     0.000622   0.0622
 0.0622     0.0622     0.00148095 0.0311    ]",0.0622,None
3,40192,3,"[0.         0.         0.         0.         0.         0.
 0.         0.         0.10211111 0.        ]","[0.04595    0.0919     0.0919     0.00270294 0.00187551 0.04595
 0.00278485 0.0919     0.01021111 0.00612667]",0.09190000000000001,None
4,50240,3,"[0.         0.         0.00592537 0.         0.03447826 0.01877778
 0.         0.         0.         0.        ]","[0.03732    0.0933     0.00278507 0.001866   0.00811304 0.00518333
 0.00209663 0.01332857 0.00339273 0.01244   ]",0.18659999999999996,None
5,60288,3,"[0.031      0.         0.         0.         0.00918182 0.
 0.         0.01877778 0.         0.        ]","[0.007824   0.0326     0.0978     0.00630968 0.00355636 0.00575294
 0.0326     0.00543333 0.00250769 0.00543333]",0.1956,None
6,70336,3,"[0.         0.         0.         0.         0.00451351 0.
 0.         0.         0.         0.        ]","[0.00087895 0.00063019 0.000334   0.00074222 0.00045135 0.00556667
 0.00049851 0.00040241 0.00068163 0.000334  ]",0.0334,None
7,80384,3,"[0.         0.         0.         0.         0.00824138 0.
 0.         0.06242857 0.00986792 0.        ]","[0.001875   0.00436047 0.001875   0.001875   0.00323276 0.01102941
 0.001875   0.01339286 0.00353774 0.001875  ]",0.18749999999999997,None
8,90432,3,"[0.011      0.         0.         0.         0.         0.
 0.         0.         0.00885714 0.        ]","[0.002092   0.001046   0.001046   0.001046   0.001046   0.001046
 0.00177288 0.00387407 0.00186786 0.0012023 ]",0.10459999999999998,None
