,step,seed,eval_episodes,mean_eval_step_reward,mean_eval_reward,instance
0,10048,3,"[0.         0.         0.         0.00073366 0.00037796 0.
 0.         0.         0.00232718 0.        ]","[0.00014735 0.0001272  0.00133459 0.00023394 0.00017602 0.0001272
 0.0001272  0.00047608 0.00049339 0.00134562]",0.1628203125,None
1,20096,3,"[0.         0.         0.         0.         0.         0.
 0.         0.00063736 0.         0.        ]","[1.41088650e-04 1.17399691e-04 3.71459961e-05 3.71459961e-05
 3.02846338e-04 8.50570215e-05 3.71459961e-05 6.37357574e-05
 3.71459961e-05 3.71459961e-05]",0.047546875,None
2,30144,3,"[0.         0.         0.         0.         0.00040429 0.
 0.         0.         0.         0.        ]","[7.60579427e-04 3.36167703e-05 2.85217285e-05 2.85217285e-05
 4.04294712e-05 1.07692662e-04 2.85217285e-05 1.37765330e-04
 2.85217285e-05 3.96393187e-05]",0.0365078125,None
3,40192,3,[0. 0. 0. 0. 0. 0. 0. 0. 0. 0.],[0. 0. 0. 0. 0. 0. 0. 0. 0. 0.],0.0,None
4,50240,3,"[0.         0.         0.         0.00010203 0.         0.
 0.         0.         0.         0.        ]","[9.89990234e-06 9.89990234e-06 1.47176249e-05 1.02027979e-05
 9.89990234e-06 9.89990234e-06 9.89990234e-06 9.89990234e-06
 1.42380618e-04 9.89990234e-06]",0.012671874999999999,None
5,60288,3,[0. 0. 0. 0. 0. 0. 0. 0. 0. 0.],[0. 0. 0. 0. 0. 0. 0. 0. 0. 0.],0.0,None
6,70336,3,[0. 0. 0. 0. 0. 0. 0. 0. 0. 0.],[0. 0. 0. 0. 0. 0. 0. 0. 0. 0.],0.0,None
7,80384,3,[0. 0. 0. 0. 0. 0. 0. 0. 0. 0.],[0. 0. 0. 0. 0. 0. 0. 0. 0. 0.],0.0,None
8,90432,3,[0. 0. 0. 0. 0. 0. 0. 0. 0. 0.],[0. 0. 0. 0. 0. 0. 0. 0. 0. 0.],0.0,None
