,step,seed,eval_episodes,mean_eval_step_reward,mean_eval_reward,instance
0,10048,1,"[0.         0.         0.         0.         0.         0.
 0.         0.03447826 0.         0.        ]","[0.0015549  0.000793   0.03965    0.03965    0.00123906 0.0061
 0.00305    0.00344783 0.00110139 0.0793    ]",0.0793,None
1,20096,1,"[0.         0.         0.01060784 0.         0.         0.
 0.         0.         0.         0.        ]","[0.0067625  0.00062907 0.00106078 0.0541     0.01803333 0.00163939
 0.00257619 0.0067625  0.00245909 0.000541  ]",0.054099999999999995,None
2,30144,1,[0. 0. 0. 0. 0. 0. 0. 0. 0. 0.],[0. 0. 0. 0. 0. 0. 0. 0. 0. 0.],0.0,None
3,40192,1,"[0.         0.         0.         0.         0.         0.
 0.         0.01731579 0.         0.        ]","[0.0658     0.00365556 0.008225   0.01316    0.00658    0.00329
 0.00598182 0.00173158 0.00253077 0.00299091]",0.0658,None
4,50240,1,[0. 0. 0. 0. 0. 0. 0. 0. 0. 0.],[0. 0. 0. 0. 0. 0. 0. 0. 0. 0.],0.0,None
5,60288,1,"[0.         0.         0.         0.         0.         0.
 0.00211111 0.         0.         0.        ]","[0.00076    0.00019    0.00172727 0.00019    0.00019    0.00135714
 0.00021111 0.0019     0.00019    0.019     ]",0.018999999999999996,None
6,70336,1,[0. 0. 0. 0. 0. 0. 0. 0. 0. 0.],[0. 0. 0. 0. 0. 0. 0. 0. 0. 0.],0.0,None
7,80384,1,[0. 0. 0. 0. 0. 0. 0. 0. 0. 0.],[0. 0. 0. 0. 0. 0. 0. 0. 0. 0.],0.0,None
8,90432,1,[0. 0. 0. 0. 0. 0. 0. 0. 0. 0.],[0. 0. 0. 0. 0. 0. 0. 0. 0. 0.],0.0,None
