,step,seed,eval_episodes,mean_eval_step_reward,mean_eval_reward,instance
0,10048,1,"[0.         0.00687302 0.         0.00615152 0.00766667 0.00885714
 0.02433333 0.04655556 0.         0.031     ]","[0.004138   0.00656825 0.004138   0.0062697  0.00689667 0.00738929
 0.01379333 0.02298889 0.004138   0.016552  ]",0.4138,None
1,20096,1,"[0.         0.01539024 0.06792308 0.241      0.         0.
 0.01183333 0.01372727 0.         0.00211111]","[0.00384    0.00936585 0.02953846 0.096      0.00384    0.00384
 0.008      0.00872727 0.00384    0.00426667]",0.384,None
2,30144,1,"[0.04363158 0.         0.0016383  0.01140816 0.         0.
 0.041      0.01802703 0.016      0.0016383 ]","[0.02012105 0.003823   0.00406702 0.00780204 0.003823   0.003823
 0.019115   0.01033243 0.0095575  0.00406702]",0.3823,None
3,40192,1,"[0.00951852 0.         0.00854386 0.00918182 0.04982353 0.
 0.00570588 0.         0.01731579 0.00508451]","[0.00696296 0.00376    0.00659649 0.00683636 0.02211765 0.00376
 0.00552941 0.00376    0.00989474 0.00529577]",0.376,None
4,50240,1,"[0.01802703 0.10211111 0.15766667 0.00712903 0.01140816 0.
 0.491      0.01957143 0.00918182 0.02325806]","[0.01736757 0.0714     0.1071     0.01036452 0.01311429 0.006426
 0.3213     0.01836    0.01168364 0.02072903]",0.6426000000000001,None
5,60288,1,"[0.00592537 0.191      0.         0.241      0.00549275 0.00365823
 0.32433333 0.13385714 0.00198901 0.04655556]","[0.00882537 0.11826    0.005913   0.147825   0.00856957 0.00748481
 0.1971     0.08447143 0.0064978  0.03285   ]",0.5913,None
6,70336,1,"[0.01877778 0.03447826 0.         0.13385714 0.00365823 0.00175269
 0.00262791 0.0535     0.04982353 0.00549275]","[0.01435    0.02246087 0.005166   0.0738     0.00653924 0.00555484
 0.00600698 0.0322875  0.03038824 0.00748696]",0.5165999999999998,None
7,80384,1,"[0.00223596 0.13385714 0.06792308 0.091      0.         0.02671429
 0.06792308 0.011      0.13385714 0.00469863]","[0.00717978 0.09128571 0.04915385 0.0639     0.00639    0.02282143
 0.04915385 0.01278    0.09128571 0.00875342]",0.639,None
8,90432,1,"[0.01183333 0.         0.00794915 0.05766667 0.         0.10211111
 0.491      0.00951852 0.13385714 0.006625  ]","[0.01182917 0.005678   0.00962373 0.03785333 0.005678   0.06308889
 0.2839     0.01051481 0.08111429 0.00887188]",0.5678000000000001,None
