,step,seed,eval_episodes,mean_eval_step_reward,mean_eval_reward,instance
0,10048,1,"[0.         0.         0.         0.         0.         0.
 0.         0.04363158 0.         0.        ]","[0.000829   0.00236857 0.04145    0.04145    0.00140508 0.00637692
 0.00318846 0.00436316 0.00123731 0.0829    ]",0.0829,None
1,20096,1,[0. 0. 0. 0. 0. 0. 0. 0. 0. 0.],[0. 0. 0. 0. 0. 0. 0. 0. 0. 0.],0.0,None
2,30144,1,[0. 0. 0. 0. 0. 0. 0. 0. 0. 0.],[0. 0. 0. 0. 0. 0. 0. 0. 0. 0.],0.0,None
3,40192,1,"[0.         0.03447826 0.01273913 0.         0.         0.
 0.         0.         0.         0.        ]","[0.1379     0.00599565 0.00299783 0.1379     0.1379     0.01532222
 0.1379     0.1379     0.06895    0.1379    ]",0.1379,None
4,50240,1,[0.    0.    0.    0.    0.    0.    0.    0.    0.    0.091],"[0.091      0.091      0.091      0.091      0.00606667 0.01011111
 0.091      0.091      0.0455     0.0091    ]",0.091,None
5,60288,1,"[0.         0.         0.         0.0122766  0.         0.
 0.041      0.02433333 0.         0.04363158]","[0.2956     0.02956    0.00895758 0.00628936 0.2956     0.09853333
 0.01478    0.00985333 0.00628936 0.01555789]",0.2956,None
6,70336,1,"[0.         0.         0.00175269 0.         0.         0.
 0.         0.         0.         0.        ]","[0.0163     0.000163   0.00017527 0.00108667 0.00074091 0.00030185
 0.00101875 0.00815    0.0163     0.00815   ]",0.01629999999999999,None
7,80384,1,"[0.         0.00951852 0.0535     0.         0.00638462 0.
 0.         0.         0.         0.        ]","[0.1785     0.00330556 0.01115625 0.1785     0.00274615 0.0044625
 0.02975    0.1785     0.1785     0.002975  ]",0.17850000000000002,None
8,90432,1,"[0.         0.         0.         0.07433333 0.         0.
 0.         0.         0.02946154 0.        ]","[0.05526667 0.1658     0.001658   0.01381667 0.01381667 0.00285862
 0.00753636 0.1658     0.00637692 0.1658    ]",0.1658,None
