,step,seed,eval_episodes,mean_eval_step_reward,mean_eval_reward,instance
0,10048,4,[0. 0. 0. 0. 0. 0. 0. 0. 0. 0.],[0. 0. 0. 0. 0. 0. 0. 0. 0. 0.],0.0,None
1,20096,4,"[0.01060784 0.01372727 0.         0.         0.00110101 0.
 0.01140816 0.         0.         0.00766667]","[0.00445686 0.00516591 0.2273     0.01196316 0.00229596 0.00280617
 0.00463878 0.00385254 0.02066364 0.00378833]",0.22729999999999997,None
2,30144,4,"[0.01023077 0.         0.         0.00951852 0.         0.
 0.         0.         0.         0.        ]","[0.00201154 0.01494286 0.00205098 0.00193704 0.02092    0.00183509
 0.0523     0.00151594 0.00950909 0.1046    ]",0.1046,None
3,40192,4,"[0.         0.01877778 0.         0.02433333 0.         0.
 0.01480952 0.         0.         0.02946154]","[0.2794     0.00776111 0.00537308 0.00931333 0.02149231 0.002794
 0.00665238 0.00963448 0.09313333 0.01074615]",0.2794,None
4,50240,4,"[0.         0.         0.         0.00918182 0.011      0.
 0.02803704 0.         0.         0.01060784]","[0.2353     0.11765    0.01307222 0.00427818 0.004706   0.0040569
 0.00871481 0.00672286 0.01680714 0.00461373]",0.23529999999999998,None
5,60288,4,"[0.03861905 0.02325806 0.         0.02803704 0.06242857 0.
 0.02671429 0.         0.         0.03861905]","[0.02248571 0.01523226 0.03632308 0.01748889 0.03372857 0.02146364
 0.01686429 0.02777647 0.02248571 0.02248571]",0.47219999999999995,None
6,70336,4,"[0.0535     0.02130303 0.         0.03266667 0.02946154 0.
 0.00687302 0.         0.         0.03645455]","[0.02715    0.01316364 0.00789818 0.0181     0.01670769 0.02172
 0.00689524 0.0140129  0.02896    0.01974545]",0.43439999999999995,None
7,80384,4,"[0.01877778 0.         0.         0.041      0.10211111 0.
 0.00794915 0.         0.         0.00766667]","[0.00928889 0.3344     0.00499104 0.01672    0.03715556 0.0836
 0.0056678  0.0088     0.0304     0.00557333]",0.3344,None
8,90432,4,"[0.         0.         0.         0.02041176 0.         0.
 0.         0.06792308 0.         0.02225   ]","[0.2289     0.02080909 0.003815   0.00673235 0.2289     0.11445
 0.2289     0.01760769 0.02543333 0.00715312]",0.22889999999999996,None
