,step,seed,eval_episodes,mean_eval_step_reward,mean_eval_reward,instance
0,10048,0,"[0.         0.01539024 0.         0.         0.         0.
 0.         0.         0.00488889 0.        ]","[0.00132838 0.00239756 0.00192745 0.00280857 0.04915    0.03276667
 0.00144559 0.00446818 0.00136528 0.00185472]",0.0983,None
1,20096,0,"[0.03266667 0.         0.         0.         0.         0.
 0.         0.         0.         0.        ]","[0.00326667 0.02613333 0.0784     0.0034087  0.000784   0.0784
 0.00435556 0.0098     0.0784     0.0784    ]",0.0784,None
2,30144,0,"[0.         0.         0.05766667 0.         0.         0.
 0.         0.         0.         0.        ]","[0.00786364 0.00254412 0.00576667 0.0865     0.0865     0.00508824
 0.0865     0.0865     0.0865     0.01235714]",0.0865,None
3,40192,0,[0. 0. 0. 0. 0. 0. 0. 0. 0. 0.],[0. 0. 0. 0. 0. 0. 0. 0. 0. 0.],0.0,None
4,50240,0,[0. 0. 0. 0. 0. 0. 0. 0. 0. 0.],[0. 0. 0. 0. 0. 0. 0. 0. 0. 0.],0.0,None
5,60288,0,[0. 0. 0. 0. 0. 0. 0. 0. 0. 0.],[0. 0. 0. 0. 0. 0. 0. 0. 0. 0.],0.0,None
6,70336,0,"[0.         0.         0.         0.         0.         0.01140816
 0.         0.         0.         0.        ]","[0.0559     0.02795    0.013975   0.01863333 0.0559     0.00114082
 0.0559     0.0559     0.0559     0.0559    ]",0.05589999999999999,None
7,80384,0,"[0.         0.         0.         0.         0.15766667 0.
 0.         0.04982353 0.01322222 0.        ]","[0.0796     0.00723636 0.1194     0.0796     0.0398     0.00391475
 0.2388     0.01404706 0.00530667 0.00597   ]",0.23879999999999998,None
8,90432,0,"[0.         0.         0.02671429 0.02671429 0.         0.
 0.         0.02041176 0.041      0.        ]","[0.0602     0.00557407 0.01075    0.01075    0.00301    0.00301
 0.0602     0.00885294 0.01505    0.05016667]",0.301,None
